coordinates,created_at,hashtags,media,urls,favorite_count,id,in_reply_to_screen_name,in_reply_to_status_id,in_reply_to_user_id,lang,place,possibly_sensitive,retweet_count,retweet_id,retweet_screen_name,source,text,tweet_url,user_created_at,user_screen_name,user_default_profile_image,user_description,user_favourites_count,user_followers_count,user_friends_count,user_listed_count,user_location,user_name,user_screen_name,user_statuses_count,user_time_zone,user_urls,user_verified
,Sun Jul 26 20:58:51 +0000 2020,Education VoteGold VoteLibertarian,https://twitter.com/Jorgensen4POTUS/status/1287492601269170177/photo/1,https://www.paceinfreedom.com/townhall,162,1287492601269170177,,,,en,,false,59,,,"<a href=""https://mobile.twitter.com"" rel=""nofollow"">Twitter Web App</a>","Join @RealSpikeCohen, educators, and parents on 7/30/20 in a virtual town hall hosted by @paceinfreedom. You can sign up to be a panelist or an observer as they discuss our failing education system. https://t.co/RauiqyKOdg 

#Education #VoteGold #VoteLibertarian https://t.co/pLWRR1bd0n",https://twitter.com/Jorgensen4POTUS/status/1287492601269170177,Tue Sep 24 05:28:28 +0000 2019,Jorgensen4POTUS,false,"#Libertarian candidate for #President of the United States.  Psychologist, Senior lecturer at Clemson University, proud mother and grandmother, hockey player.",16605,184054,227,443,,Jo Jorgensen,Jorgensen4POTUS,3822,,https://jo20.com/,true
,Fri Oct 23 21:57:59 +0000 2020,,,,4,1319760002614202368,LibertarianTn,1319759570600927200,737451366390628400,en,,,0,,,"<a href=""https://mobile.twitter.com"" rel=""nofollow"">Twitter Web App</a>","@TN4Jorgensen @LPNational @LPArkansas @LPGeorgia @LPOhio Analyze mine!

Check out ""Todd Hiett vs. Todd Hagopian""

I would appreciate any tips you can offer!",https://twitter.com/ToddHagopian/status/1319760002614202368,Fri Jul 24 03:13:04 +0000 2009,ToddHagopian,false,"Just another Liberty Podcaster (@chatschief), got 345,000 people to vote Libertarian one time, NE OK LP Chair, Business Owner, Husband, Father of 4 amazing boys",56516,42872,14551,472,"Bixby, OK",Libertarian-In-Chief,ToddHagopian,58128,,https://anchor.fm/chief-chats/episodes/Election-EveIs-this-thing-on-elugg0,true
,Wed Sep 09 16:19:23 +0000 2020,VoteGold,,,922,1303729727346298882,,,,en,,,264,,,"<a href=""http://twitter.com/#!/download/ipad"" rel=""nofollow"">Twitter for iPad</a>","Joe Biden has a terrible record on criminal justice reform and civil liberties.

Donald Trump ha a terrible record on fiscal responsibility and free markets.

And both are serial violators of women.

There is a better way, America. Join us, and #VoteGold for @Jorgensen4POTUS",https://twitter.com/LPTexas/status/1303729727346298882,Mon Apr 27 17:31:40 +0000 2009,LPTexas,false,"Official - Libertarian Party of Texas. The only political party for personal liberty, free markets, peace & prosperity. #VoteGold",1734,9160,454,168,Texas,Libertarian Party of Texas,LPTexas,6317,,http://www.lptexas.org,true
,Wed Aug 19 20:39:02 +0000 2020,,https://twitter.com/ToddHagopian/status/1296184924333133824/photo/1,,11,1296184924333133824,,,,en,,false,2,,,"<a href=""http://twitter.com/download/iphone"" rel=""nofollow"">Twitter for iPhone</a>","MAGA email in my inbox this morning

Stay classy, @realDonaldTrump 

Im no Biden Fan, but at least Cardi B wasn‚Äôt performing golden showers for him https://t.co/Z84hHsiZMt",https://twitter.com/ToddHagopian/status/1296184924333133824,Fri Jul 24 03:13:04 +0000 2009,ToddHagopian,false,"Just another Liberty Podcaster (@chatschief), got 345,000 people to vote Libertarian one time, NE OK LP Chair, Business Owner, Husband, Father of 4 amazing boys",56516,42872,14551,472,"Bixby, OK",Libertarian-In-Chief,ToddHagopian,58128,,https://anchor.fm/chief-chats/episodes/Election-EveIs-this-thing-on-elugg0,true
,Wed Oct 28 00:29:24 +0000 2020,,,,8,1321247660171501569,nsarwark,1321245659706593300,33221250,en,,,0,,,"<a href=""https://mobile.twitter.com"" rel=""nofollow"">Twitter Web App</a>",@nsarwark Pack for the LPTexas executive leadership board meeting on the 7th in New Braunfels and look forward to having a bourbon with @Jorgensen4POTUS,https://twitter.com/VoteScheirman/status/1321247660171501569,Thu Jan 02 23:10:24 +0000 2020,VoteScheirman,false,"Elliott Scheirman for Congress in TX's 2nd District.
Giving a voice to those who want to live their lives free from government control.  Retire the duopoly!",5246,1687,1152,19,"Houston, TX",Scheirman for Congress,VoteScheirman,4600,,http://ScheirmanForCongress.com,true
,Wed Oct 14 00:45:19 +0000 2020,,,https://twitter.com/RealSpikeCohen/status/1273691954761498625,127,1316178236762656769,,,,en,,false,19,,,"<a href=""http://twitter.com/download/iphone"" rel=""nofollow"">Twitter for iPhone</a>","Thank you again for your endorsement @RealSpikeCohen, we are hoping for big things in Oklahoma! https://t.co/Kk0cZEYOg5",https://twitter.com/ToddHagopian/status/1316178236762656769,Fri Jul 24 03:13:04 +0000 2009,ToddHagopian,false,"Just another Liberty Podcaster (@chatschief), got 345,000 people to vote Libertarian one time, NE OK LP Chair, Business Owner, Husband, Father of 4 amazing boys",56516,42872,14551,472,"Bixby, OK",Libertarian-In-Chief,ToddHagopian,58128,,https://anchor.fm/chief-chats/episodes/Election-EveIs-this-thing-on-elugg0,true
,Tue Oct 13 13:34:50 +0000 2020,,,,6,1316009502198693889,,,,en,,,3,,,"<a href=""http://twitter.com/download/iphone"" rel=""nofollow"">Twitter for iPhone</a>",".@realDonaldTrump ur sudden fan boy &amp; lap dog Moscow Mitch @senatemajldr refuses to debate @barron_ky &amp; mouth piece @SenTomCotton wont debate @RickyForSenate. Barron met ALL criteria, Ricky is polling 40%. Do you opposed voter suppression?
@LPMisesCaucus @LPNational @NewJerseyLP",https://twitter.com/rufo4congress/status/1316009502198693889,Sun Jan 28 00:41:42 +0000 2018,rufo4congress,false,"Father, Husband, Liberty Lovin‚Äô minarchist, active NJLP member and 2018 and current 2020 LP Candidate - US House of Representatives - NJ District 4",12187,1901,1223,10,"Jackson, NJ",Michael Rufo,rufo4congress,4403,,http://www.runrufo2020.com,true
,Thu Aug 20 16:21:21 +0000 2020,HR7085,,,0,1296482462391042048,,,,en,,,131,1296466052474449921,RealSpikeCohen,"<a href=""https://mobile.twitter.com"" rel=""nofollow"">Twitter Web App</a>",RT @RealSpikeCohen: Congressional Support should be a given for @justinamash and @AyannaPressley Ending Qualified Immunity Act #HR7085 http‚Ä¶,https://twitter.com/Jorgensen4POTUS/status/1296482462391042048,Tue Sep 24 05:28:28 +0000 2019,Jorgensen4POTUS,false,"#Libertarian candidate for #President of the United States.  Psychologist, Senior lecturer at Clemson University, proud mother and grandmother, hockey player.",16605,184054,227,443,,Jo Jorgensen,Jorgensen4POTUS,3822,,https://jo20.com/,true
,Sat Aug 15 19:38:19 +0000 2020,,,,22,1294720093411319811,geek3point0,1294719707962957800,11151842,en,,,2,,,"<a href=""https://mobile.twitter.com"" rel=""nofollow"">Twitter Web App</a>","@geek3point0 @RealSpikeCohen Thank you (but let's keep that ""bat"" talk down, okay?) üòâü¶á",https://twitter.com/Jorgensen4POTUS/status/1294720093411319811,Tue Sep 24 05:28:28 +0000 2019,Jorgensen4POTUS,false,"#Libertarian candidate for #President of the United States.  Psychologist, Senior lecturer at Clemson University, proud mother and grandmother, hockey player.",16605,184054,227,443,,Jo Jorgensen,Jorgensen4POTUS,3822,,https://jo20.com/,true
,Sat Oct 31 16:59:52 +0000 2020,,,,2,1322584082849669122,LibertarianWhy,1322583587133292500,1299011763518804000,en,,,0,,,"<a href=""http://twitter.com/download/iphone"" rel=""nofollow"">Twitter for iPhone</a>",@LibertarianWhy @RickyForSenate @ToddHagopian @ShaneTHazel @Jorgensen4POTUS @RealSpikeCohen @DonaldRainwater Hell yea!!!,https://twitter.com/rufo4congress/status/1322584082849669122,Sun Jan 28 00:41:42 +0000 2018,rufo4congress,false,"Father, Husband, Liberty Lovin‚Äô minarchist, active NJLP member and 2018 and current 2020 LP Candidate - US House of Representatives - NJ District 4",12187,1901,1223,10,"Jackson, NJ",Michael Rufo,rufo4congress,4403,,http://www.runrufo2020.com,true
,Mon Oct 05 12:52:12 +0000 2020,,,,41,1313099669262733313,,,,en,,,8,,,"<a href=""http://twitter.com/#!/download/ipad"" rel=""nofollow"">Twitter for iPad</a>","Reckless &amp; cavalier.

That describes Trump‚Äôs attitude towards COVID. And also his attitude towards our national debt, and a 19 year long war, and spying on U.S. citizens, and criminal justice reform, and on and on and on.

Reckless &amp; cavalier describes Trump.",https://twitter.com/LPTexas/status/1313099669262733313,Mon Apr 27 17:31:40 +0000 2009,LPTexas,false,"Official - Libertarian Party of Texas. The only political party for personal liberty, free markets, peace & prosperity. #VoteGold",1734,9160,454,168,Texas,Libertarian Party of Texas,LPTexas,6317,,http://www.lptexas.org,true
,Sat Oct 17 18:00:35 +0000 2020,,,,17,1317525933717336072,Ben_Is_AFK,1317525573552476200,1316091919907385300,en,,,0,,,"<a href=""https://mobile.twitter.com"" rel=""nofollow"">Twitter Web App</a>","@BD_LP_Official @RealSpikeCohen @LPNational @LPOhio Thanks, Ben!",https://twitter.com/Jorgensen4POTUS/status/1317525933717336072,Tue Sep 24 05:28:28 +0000 2019,Jorgensen4POTUS,false,"#Libertarian candidate for #President of the United States.  Psychologist, Senior lecturer at Clemson University, proud mother and grandmother, hockey player.",16605,184054,227,443,,Jo Jorgensen,Jorgensen4POTUS,3822,,https://jo20.com/,true
,Thu Aug 13 19:07:09 +0000 2020,SpikeTheDebate,,,151,1293987471814873098,,,,en,,,77,,,"<a href=""http://twitter.com/download/android"" rel=""nofollow"">Twitter for Android</a>","It's time to tell the CPD (@debates) to #SpikeTheDebate and get @RealSpikeCohen onto the debate stage, to provide a voice to the nearly 40% of Americans who don't subscribe to the two major parties and their tired grip on our lives.",https://twitter.com/LPofCal/status/1293987471814873098,Thu Feb 25 05:50:46 +0000 2010,LPofCal,false,"The Official Twitter of the Golden State's Libertarian Party, where we go with the flow of Ideas, Markets, and Individual Liberty. RTs =/= endorsements",1253,3694,346,47,"Sacramento, CA",Libertarian Party of California,LPofCal,3921,,http://www.ca.lp.org,true
,Mon Oct 26 22:18:16 +0000 2020,,,,1,1320852273426243584,_DodgersFamilia,1320851122853208000,4542766573,en,,,0,,,"<a href=""https://mobile.twitter.com"" rel=""nofollow"">Twitter Web App</a>","@_DodgersFamilia FL --&gt; Biden, if you click the link to see my map",https://twitter.com/ToddHagopian/status/1320852273426243584,Fri Jul 24 03:13:04 +0000 2009,ToddHagopian,false,"Just another Liberty Podcaster (@chatschief), got 345,000 people to vote Libertarian one time, NE OK LP Chair, Business Owner, Husband, Father of 4 amazing boys",56516,42872,14551,472,"Bixby, OK",Libertarian-In-Chief,ToddHagopian,58128,,https://anchor.fm/chief-chats/episodes/Election-EveIs-this-thing-on-elugg0,true
,Fri Oct 23 16:46:25 +0000 2020,EndOvertimeTax,,,8,1319681596157579264,The5CatChannel,1319676489755881500,875947982604050400,en,,,0,,,"<a href=""https://mobile.twitter.com"" rel=""nofollow"">Twitter Web App</a>","@The5CatChannel @Jorgensen4POTUS And it's the kind of idea that would be difficult for republicans or democrats to vote against, meaning we could actually get it passed.

Who wants to be on record telling voters that they don't think the government takes enough off the top from their hard work?  #EndOvertimeTax",https://twitter.com/VoteScheirman/status/1319681596157579264,Thu Jan 02 23:10:24 +0000 2020,VoteScheirman,false,"Elliott Scheirman for Congress in TX's 2nd District.
Giving a voice to those who want to live their lives free from government control.  Retire the duopoly!",5246,1687,1152,19,"Houston, TX",Scheirman for Congress,VoteScheirman,4600,,http://ScheirmanForCongress.com,true
,Thu Sep 10 15:02:35 +0000 2020,,,https://chicago.suntimes.com/news/2019/5/8/18619206/under-donald-trump-drone-strikes-far-exceed-obama-s-numbers https://www.latimes.com/politics/story/2019-09-07/trumps-shameful-rules-of-engagement-are-killing-civilians https://theintercept.com/2019/10/02/trump-impeachment-civilian-casualties-war/ https://reason.com/2020/01/28/america-dropped-a-record-number-of-bombs-on-afghanistan-last-year/ https://www.theguardian.com/us-news/2020/jan/28/us-afghanistan-war-bombs-2019 https://foreignpolicy.com/2020/05/22/obama-drones-trump-killings-count/,36,1304072787619983362,philthatremains,1304023868894576600,15522405,und,,false,7,,,"<a href=""http://twitter.com/download/iphone"" rel=""nofollow"">Twitter for iPhone</a>","@philthatremains https://t.co/Aj6XCVKzEU
https://t.co/0uvOKP76UE
https://t.co/SOm1JTOUeR
https://t.co/BHJoLhAN9F
https://t.co/40Pg3SeJ1R
https://t.co/VfRrDCjAtt",https://twitter.com/justinamash/status/1304072787619983362,Tue Jan 04 07:09:11 +0000 2011,justinamash,false,"I defend #liberty ‚Ä¢ Libertarian ‚Ä¢ ‚ÄúLaws must be general, equal, and certain.‚Äù ‚ÄîF.A. Hayek",525,467026,6029,4549,Michigan,Justin Amash,justinamash,18279,,,true
,Fri Nov 06 17:57:31 +0000 2020,,,https://twitter.com/OKelections/status/1324733847766999040,31,1324772919482961921,LPNational,,31464977,und,,false,2,,,"<a href=""http://twitter.com/download/iphone"" rel=""nofollow"">Twitter for iPhone</a>",@LPNational https://t.co/1BtvTNobgl,https://twitter.com/ToddHagopian/status/1324772919482961921,Fri Jul 24 03:13:04 +0000 2009,ToddHagopian,false,"Just another Liberty Podcaster (@chatschief), got 345,000 people to vote Libertarian one time, NE OK LP Chair, Business Owner, Husband, Father of 4 amazing boys",56516,42872,14551,472,"Bixby, OK",Libertarian-In-Chief,ToddHagopian,58128,,https://anchor.fm/chief-chats/episodes/Election-EveIs-this-thing-on-elugg0,true
,Wed Nov 11 19:00:07 +0000 2020,,,https://twitter.com/nickgillespie/status/1326598071703068672,0,1326600612998508547,TheDemocrats,,14377605,en,,false,0,,,"<a href=""http://twitter.com/download/iphone"" rel=""nofollow"">Twitter for iPhone</a>",@TheDemocrats ‚Äúyou are the handmaiden(s) to the police state..‚Äù https://t.co/yMox3Peqy1,https://twitter.com/rufo4congress/status/1326600612998508547,Sun Jan 28 00:41:42 +0000 2018,rufo4congress,false,"Father, Husband, Liberty Lovin‚Äô minarchist, active NJLP member and 2018 and current 2020 LP Candidate - US House of Representatives - NJ District 4",12187,1901,1223,10,"Jackson, NJ",Michael Rufo,rufo4congress,4403,,http://www.runrufo2020.com,true
,Thu Nov 05 20:06:42 +0000 2020,,,,31,1324443041726373889,snoopuhh,1324442927842680800,96063461,en,,,0,,,"<a href=""http://twitter.com/download/iphone"" rel=""nofollow"">Twitter for iPhone</a>",@snoopuhh @LibertyCliff @JoeBiden I‚Äôm pretty sure you don‚Äôt get it.,https://twitter.com/justinamash/status/1324443041726373889,Tue Jan 04 07:09:11 +0000 2011,justinamash,false,"I defend #liberty ‚Ä¢ Libertarian ‚Ä¢ ‚ÄúLaws must be general, equal, and certain.‚Äù ‚ÄîF.A. Hayek",525,467026,6029,4549,Michigan,Justin Amash,justinamash,18279,,,true
,Tue Aug 11 23:41:25 +0000 2020,,,,0,1293331717869240321,,,,en,,,3231,1293282925073629184,LPNational,"<a href=""http://twitter.com/download/iphone"" rel=""nofollow"">Twitter for iPhone</a>","RT @LPNational: Kamala Harris is, objectively, the worst possible choice for the Democrats to put in the White House alongside Joe Biden.‚Ä¶",https://twitter.com/ToddHagopian/status/1293331717869240321,Fri Jul 24 03:13:04 +0000 2009,ToddHagopian,false,"Just another Liberty Podcaster (@chatschief), got 345,000 people to vote Libertarian one time, NE OK LP Chair, Business Owner, Husband, Father of 4 amazing boys",56516,42872,14551,472,"Bixby, OK",Libertarian-In-Chief,ToddHagopian,58128,,https://anchor.fm/chief-chats/episodes/Election-EveIs-this-thing-on-elugg0,true
,Sat Sep 05 13:52:33 +0000 2020,,,,0,1302243224245936130,DoubleTonight,1302241992051691500,1254284097645666300,en,,,0,,,"<a href=""http://twitter.com/download/android"" rel=""nofollow"">Twitter for Android</a>",@DoubleTonight @EsotericaThe @AncapEye @FDSheckler @ComicDaveSmith @LPNational @LPMisesCaucus You're lying about me and calling me dishonest?  Give it a rest.,https://twitter.com/VoteScheirman/status/1302243224245936130,Thu Jan 02 23:10:24 +0000 2020,VoteScheirman,false,"Elliott Scheirman for Congress in TX's 2nd District.
Giving a voice to those who want to live their lives free from government control.  Retire the duopoly!",5246,1687,1152,19,"Houston, TX",Scheirman for Congress,VoteScheirman,4600,,http://ScheirmanForCongress.com,true
,Wed Nov 04 21:56:28 +0000 2020,,,,1,1324108277857292288,disregardfear,1324106772248961000,1286168165223989200,en,,,0,,,"<a href=""https://mobile.twitter.com"" rel=""nofollow"">Twitter Web App</a>",@disregardfear @JonathanTCasey @KenWebsterII @RealRLimbaugh Trump did perform better than in 2016 - he got more votes.  And Biden got more than Clinton did in 2016 too.,https://twitter.com/VoteScheirman/status/1324108277857292288,Thu Jan 02 23:10:24 +0000 2020,VoteScheirman,false,"Elliott Scheirman for Congress in TX's 2nd District.
Giving a voice to those who want to live their lives free from government control.  Retire the duopoly!",5246,1687,1152,19,"Houston, TX",Scheirman for Congress,VoteScheirman,4600,,http://ScheirmanForCongress.com,true
,Tue Nov 10 21:53:08 +0000 2020,,,https://twitter.com/LibertarianWhy/status/1326280956685275136,7,1326281762750738432,,,,en,,false,1,,,"<a href=""http://twitter.com/download/iphone"" rel=""nofollow"">Twitter for iPhone</a>","Going live in 10 minutes! Be sure to tune in!
@NewJerseyLP @LarrySharpe @LPMisesCaucus @LPNational https://t.co/pQ76zcerZs",https://twitter.com/rufo4congress/status/1326281762750738432,Sun Jan 28 00:41:42 +0000 2018,rufo4congress,false,"Father, Husband, Liberty Lovin‚Äô minarchist, active NJLP member and 2018 and current 2020 LP Candidate - US House of Representatives - NJ District 4",12187,1901,1223,10,"Jackson, NJ",Michael Rufo,rufo4congress,4403,,http://www.runrufo2020.com,true
,Thu Jul 23 20:27:26 +0000 2020,,,,24,1286397531224788992,iamover2020,1286360246865338400,569231136,und,,,0,,,"<a href=""https://mobile.twitter.com"" rel=""nofollow"">Twitter Web App</a>",@Charleswnot37 @justinamash @Jorgensen4POTUS No.,https://twitter.com/LPNational/status/1286397531224788992,Wed Apr 15 17:40:46 +0000 2009,LPNational,false,"The official Twitter of the Libertarian Party, America's third largest political party. We promote free markets, civil liberties, and peace.
Become a member!",4142,210700,748,2082,USA,Libertarian Party,LPNational,13573,,http://www.lp.org,true
,Thu Oct 08 01:22:09 +0000 2020,WhereIsSpike VPDebate2020,,,0,1314013177231953920,,,,und,,,965,1314009230500913152,Jorgensen4POTUS,"<a href=""https://mobile.twitter.com"" rel=""nofollow"">Twitter Web App</a>","RT @Jorgensen4POTUS: #WhereIsSpike?

#VPDebate2020",https://twitter.com/StudentsforJo/status/1314013177231953920,Mon Jun 22 03:31:46 +0000 2020,StudentsforJo,false,This is an unofficial account of student supporters of Jo Jorgensen (@Jorgensen4POTUS & @realSpikeCohen). Interested in contributing? DM us!,583,618,260,0,The White House,Students for Jo Jorgensen,StudentsforJo,342,,http://studentsforjo.com,false
,Sun Oct 25 20:55:01 +0000 2020,,,https://twitter.com/YALiberty/status/1319712874135195649,4591,1320468932332015617,,,,en,,false,1033,,,"<a href=""https://sproutsocial.com"" rel=""nofollow"">Sprout Social</a>","There is a video circulating of NYC police disturbing the peace at a residential gathering.
This isn't ""Trump's America"" or ""Biden's America""; this is a result of years of authoritarianism growing in America and we need to vote for freedom now.
https://t.co/I7Lan4Iy1P",https://twitter.com/Jorgensen4POTUS/status/1320468932332015617,Tue Sep 24 05:28:28 +0000 2019,Jorgensen4POTUS,false,"#Libertarian candidate for #President of the United States.  Psychologist, Senior lecturer at Clemson University, proud mother and grandmother, hockey player.",16605,184054,227,443,,Jo Jorgensen,Jorgensen4POTUS,3822,,https://jo20.com/,true
,Fri Oct 16 19:43:02 +0000 2020,,,,0,1317189325633748994,,,,en,,,37,1317130370823979008,TellingFabel,"<a href=""http://twitter.com/download/iphone"" rel=""nofollow"">Twitter for iPhone</a>","RT @TellingFabel: In 2020, I'm proud to vote for the candidate that most closely represents my personal dedication to freedom &amp; natural rig‚Ä¶",https://twitter.com/rufo4congress/status/1317189325633748994,Sun Jan 28 00:41:42 +0000 2018,rufo4congress,false,"Father, Husband, Liberty Lovin‚Äô minarchist, active NJLP member and 2018 and current 2020 LP Candidate - US House of Representatives - NJ District 4",12187,1901,1223,10,"Jackson, NJ",Michael Rufo,rufo4congress,4403,,http://www.runrufo2020.com,true
,Fri Oct 16 04:13:57 +0000 2020,Jorgensen2020 VoteGold,,,4,1316955517839937537,JoeBiden,1316920043553378300,939091,en,,,0,,,"<a href=""http://twitter.com/download/iphone"" rel=""nofollow"">Twitter for iPhone</a>","@JoeBiden The Libertarian party was the first to support the freedom of LGBT people to be themselves and love whoever they love. I wouldn‚Äôt trust Joe Biden, the man who explicitly stated that marriage is between a man and a woman, to protect LGBT rights. #Jorgensen2020 #VoteGold",https://twitter.com/StudentsforJo/status/1316955517839937537,Mon Jun 22 03:31:46 +0000 2020,StudentsforJo,false,This is an unofficial account of student supporters of Jo Jorgensen (@Jorgensen4POTUS & @realSpikeCohen). Interested in contributing? DM us!,583,618,260,0,The White House,Students for Jo Jorgensen,StudentsforJo,342,,http://studentsforjo.com,false
,Tue Oct 20 21:11:42 +0000 2020,,,,0,1318661192769036290,,,,en,,,2,1318659690818007040,GwinnettLiberty,"<a href=""https://mobile.twitter.com"" rel=""nofollow"">Twitter Web App</a>",RT @GwinnettLiberty: @JCEdmund @JohnStossel @LPNational @Jorgensen4POTUS There are plenty of decent Libertarian candidates. Have you seen @‚Ä¶,https://twitter.com/ToddHagopian/status/1318661192769036290,Fri Jul 24 03:13:04 +0000 2009,ToddHagopian,false,"Just another Liberty Podcaster (@chatschief), got 345,000 people to vote Libertarian one time, NE OK LP Chair, Business Owner, Husband, Father of 4 amazing boys",56516,42872,14551,472,"Bixby, OK",Libertarian-In-Chief,ToddHagopian,58128,,https://anchor.fm/chief-chats/episodes/Election-EveIs-this-thing-on-elugg0,true
,Sun Oct 11 15:39:15 +0000 2020,,,,0,1315316040046391299,,,,en,,,52,1315286270516625411,PeterMcCormack,"<a href=""https://mobile.twitter.com"" rel=""nofollow"">Twitter Web App</a>","RT @PeterMcCormack: If you are a Republican and you are accusing the Dems of being socialist, you are also admitting yourself that you are‚Ä¶",https://twitter.com/Jorgensen4POTUS/status/1315316040046391299,Tue Sep 24 05:28:28 +0000 2019,Jorgensen4POTUS,false,"#Libertarian candidate for #President of the United States.  Psychologist, Senior lecturer at Clemson University, proud mother and grandmother, hockey player.",16605,184054,227,443,,Jo Jorgensen,Jorgensen4POTUS,3822,,https://jo20.com/,true
,Thu Sep 10 15:02:11 +0000 2020,,,,1,1304072687787151363,BNicholsLiberty,1304072528151937000,825518317,en,,,1,,,"<a href=""http://twitter.com/download/iphone"" rel=""nofollow"">Twitter for iPhone</a>",@BNicholsLiberty @LindseyGrahamSC @realDonaldTrump Let‚Äôs do that!,https://twitter.com/ToddHagopian/status/1304072687787151363,Fri Jul 24 03:13:04 +0000 2009,ToddHagopian,false,"Just another Liberty Podcaster (@chatschief), got 345,000 people to vote Libertarian one time, NE OK LP Chair, Business Owner, Husband, Father of 4 amazing boys",56516,42872,14551,472,"Bixby, OK",Libertarian-In-Chief,ToddHagopian,58128,,https://anchor.fm/chief-chats/episodes/Election-EveIs-this-thing-on-elugg0,true
,Thu Nov 05 20:24:29 +0000 2020,,,,86,1324447517015187461,David_J_Bosch,1324447268708274200,57151802,en,,,8,,,"<a href=""http://twitter.com/download/iphone"" rel=""nofollow"">Twitter for iPhone</a>",@David_J_Bosch @Chesschick01 @LibertyCliff On war? There are absolutely not enough people holding Trump accountable.,https://twitter.com/justinamash/status/1324447517015187461,Tue Jan 04 07:09:11 +0000 2011,justinamash,false,"I defend #liberty ‚Ä¢ Libertarian ‚Ä¢ ‚ÄúLaws must be general, equal, and certain.‚Äù ‚ÄîF.A. Hayek",525,467026,6029,4549,Michigan,Justin Amash,justinamash,18279,,,true
,Wed Oct 14 04:20:14 +0000 2020,VoteGold Jorgensen2020,,,5,1316232321503309825,united,1316136204245508000,260907612,en,,,0,,,"<a href=""http://twitter.com/download/iphone"" rel=""nofollow"">Twitter for iPhone</a>","@united @debates Then why isn‚Äôt @Jorgensen4POTUS, who will be on the ballot in every state, on the debate stage? Everyone saw how the last debate turned out. Do we really want Biden or Trump running the government if they couldn‚Äôt even answer debate questions? #VoteGold #Jorgensen2020",https://twitter.com/StudentsforJo/status/1316232321503309825,Mon Jun 22 03:31:46 +0000 2020,StudentsforJo,false,This is an unofficial account of student supporters of Jo Jorgensen (@Jorgensen4POTUS & @realSpikeCohen). Interested in contributing? DM us!,583,618,260,0,The White House,Students for Jo Jorgensen,StudentsforJo,342,,http://studentsforjo.com,false
,Fri Sep 25 13:13:12 +0000 2020,,,,0,1309481076935589889,LibertatemPax,1309478924330639400,1278694613885366300,en,,,0,,,"<a href=""http://twitter.com/download/iphone"" rel=""nofollow"">Twitter for iPhone</a>","@LibertatemPax They are also used for ‚Äúred flags‚Äù &amp; ‚Äúterrorists threats‚Äù ie Duncan Lemp in Maryland. 

In a Biden mask mandate world, the maskless will be treated like terrorists. Masses are held in secret. Are you ok with police following the order to raid?",https://twitter.com/rufo4congress/status/1309481076935589889,Sun Jan 28 00:41:42 +0000 2018,rufo4congress,false,"Father, Husband, Liberty Lovin‚Äô minarchist, active NJLP member and 2018 and current 2020 LP Candidate - US House of Representatives - NJ District 4",12187,1901,1223,10,"Jackson, NJ",Michael Rufo,rufo4congress,4403,,http://www.runrufo2020.com,true
,Fri Sep 11 00:08:01 +0000 2020,BringThemHome Election RealChange Jorgensen2020,,,877,1304210050496462849,,,,en,,,223,,,"<a href=""https://sproutsocial.com"" rel=""nofollow"">Sprout Social</a>",".@realDonaldTrump has been promising for 4 years to #BringThemHome and now, with 8 weeks left until the #Election, he is bringing American forces in Iraq down to '15 levels. This is a carrot and stick for voters.

It's time for #RealChange, now.

#Jorgensen2020",https://twitter.com/Jorgensen4POTUS/status/1304210050496462849,Tue Sep 24 05:28:28 +0000 2019,Jorgensen4POTUS,false,"#Libertarian candidate for #President of the United States.  Psychologist, Senior lecturer at Clemson University, proud mother and grandmother, hockey player.",16605,184054,227,443,,Jo Jorgensen,Jorgensen4POTUS,3822,,https://jo20.com/,true
,Thu Sep 03 22:24:12 +0000 2020,LetHerSpeak VoteGold2020,,https://www.johnstossel.com/a-better-president/,732,1301647206571794433,,,,en,,false,218,,,"<a href=""https://mobile.twitter.com"" rel=""nofollow"">Twitter Web App</a>",".@JoeBiden helped get America into many of its endless wars. @realDonaldTrump said he‚Äôd like to bring our soldiers home, but he hasn‚Äôt done much of it.

It's time for a better President. #LetHerSpeak #VoteGold2020 

https://t.co/p14w95KTHd",https://twitter.com/Jorgensen4POTUS/status/1301647206571794433,Tue Sep 24 05:28:28 +0000 2019,Jorgensen4POTUS,false,"#Libertarian candidate for #President of the United States.  Psychologist, Senior lecturer at Clemson University, proud mother and grandmother, hockey player.",16605,184054,227,443,,Jo Jorgensen,Jorgensen4POTUS,3822,,https://jo20.com/,true
,Mon Jul 06 01:31:50 +0000 2020,,,,2,1279951157268537345,JayLen3434,1279949465177206800,4907851635,en,,,0,,,"<a href=""http://twitter.com/download/iphone"" rel=""nofollow"">Twitter for iPhone</a>",@JayLen3434 @Jorgensen4POTUS Trying to poll at 15%,https://twitter.com/ToddHagopian/status/1279951157268537345,Fri Jul 24 03:13:04 +0000 2009,ToddHagopian,false,"Just another Liberty Podcaster (@chatschief), got 345,000 people to vote Libertarian one time, NE OK LP Chair, Business Owner, Husband, Father of 4 amazing boys",56516,42872,14551,472,"Bixby, OK",Libertarian-In-Chief,ToddHagopian,58128,,https://anchor.fm/chief-chats/episodes/Election-EveIs-this-thing-on-elugg0,true
,Sat Aug 08 17:04:19 +0000 2020,LetHerSpeak,,,0,1292144623142543360,,,,en,,,168,1292138535403880448,ToddHagopian,"<a href=""http://twitter.com/download/android"" rel=""nofollow"">Twitter for Android</a>",RT @ToddHagopian: Please join us in the #LetHerSpeak rallies all over the country today in order to get Dr. @Jorgensen4POTUS on the debate‚Ä¶,https://twitter.com/Jorgensen4POTUS/status/1292144623142543360,Tue Sep 24 05:28:28 +0000 2019,Jorgensen4POTUS,false,"#Libertarian candidate for #President of the United States.  Psychologist, Senior lecturer at Clemson University, proud mother and grandmother, hockey player.",16605,184054,227,443,,Jo Jorgensen,Jorgensen4POTUS,3822,,https://jo20.com/,true
,Fri Sep 18 22:59:48 +0000 2020,,,,3,1307091987024285697,HKrassenstein,1307091652503314400,963790885937995800,en,,,0,,,"<a href=""https://mobile.twitter.com"" rel=""nofollow"">Twitter Web App</a>",@HKrassenstein @realDonaldTrump Both are bad. Really bad.,https://twitter.com/VoteScheirman/status/1307091987024285697,Thu Jan 02 23:10:24 +0000 2020,VoteScheirman,false,"Elliott Scheirman for Congress in TX's 2nd District.
Giving a voice to those who want to live their lives free from government control.  Retire the duopoly!",5246,1687,1152,19,"Houston, TX",Scheirman for Congress,VoteScheirman,4600,,http://ScheirmanForCongress.com,true
,Sat Aug 15 21:08:31 +0000 2020,,https://twitter.com/Jorgensen4POTUS/status/1294742791055187968/photo/1,,40,1294742791055187968,adfiske,1294738648303370200,615609332,und,,false,4,,,"<a href=""https://mobile.twitter.com"" rel=""nofollow"">Twitter Web App</a>",@adfiske @LibertyApex @BaldPrivilege @realDonaldTrump https://t.co/JfIeNdh70o,https://twitter.com/Jorgensen4POTUS/status/1294742791055187968,Tue Sep 24 05:28:28 +0000 2019,Jorgensen4POTUS,false,"#Libertarian candidate for #President of the United States.  Psychologist, Senior lecturer at Clemson University, proud mother and grandmother, hockey player.",16605,184054,227,443,,Jo Jorgensen,Jorgensen4POTUS,3822,,https://jo20.com/,true
,Mon Aug 17 17:05:51 +0000 2020,,,,0,1295406499704037376,,,,en,,,2,1295406042222911489,LibertyBeks,"<a href=""http://twitter.com/download/android"" rel=""nofollow"">Twitter for Android</a>",RT @LibertyBeks: I so much want @krystalball and @esaagar to bring @Jorgensen4POTUS and @RealSpikeCohen onto @thehill Rising. They both do‚Ä¶,https://twitter.com/VoteScheirman/status/1295406499704037376,Thu Jan 02 23:10:24 +0000 2020,VoteScheirman,false,"Elliott Scheirman for Congress in TX's 2nd District.
Giving a voice to those who want to live their lives free from government control.  Retire the duopoly!",5246,1687,1152,19,"Houston, TX",Scheirman for Congress,VoteScheirman,4600,,http://ScheirmanForCongress.com,true
,Thu Nov 05 09:27:35 +0000 2020,,,https://twitter.com/ScottWalker/status/1324013201378414592,5,1324282202708955139,,,,en,,false,1,,,"<a href=""http://twitter.com/download/iphone"" rel=""nofollow"">Twitter for iPhone</a>","When u dont understand the diversity of thought in @LPNational &amp; think the people who want to End Qualified Immunity, Ban No Knock Raid, Hate Tariffs, Won‚Äôt take the guns first and ask later, Want IRS &amp; ATF abolished, Want to decrim ALL drugs, etc, would ALL vote for ur trash. ü§° https://t.co/ltis03wOuO",https://twitter.com/rufo4congress/status/1324282202708955139,Sun Jan 28 00:41:42 +0000 2018,rufo4congress,false,"Father, Husband, Liberty Lovin‚Äô minarchist, active NJLP member and 2018 and current 2020 LP Candidate - US House of Representatives - NJ District 4",12187,1901,1223,10,"Jackson, NJ",Michael Rufo,rufo4congress,4403,,http://www.runrufo2020.com,true
,Sat Aug 08 17:04:29 +0000 2020,LetHerSpeak,,,0,1292144662682185728,,,,en,,,319,1292141033912967169,RichardManzoNH,"<a href=""http://twitter.com/download/iphone"" rel=""nofollow"">Twitter for iPhone</a>",RT @RichardManzoNH: It‚Äôs important that we have an adult on the debate stage. @Jorgensen4POTUS #LetHerSpeak,https://twitter.com/RealSpikeCohen/status/1292144662682185728,Mon Dec 09 17:48:52 +0000 2019,RealSpikeCohen,false,Retired Libertarian Party Candidate for Vice President.,4965,49895,96,161,"Myrtle Beach, SC",Spike Cohen,RealSpikeCohen,2900,,http://linktr.ee/spikecohen,true
,Sat Oct 31 16:28:04 +0000 2020,,,,337,1322576082038591488,,,,en,,,56,,,"<a href=""http://twitter.com/download/iphone"" rel=""nofollow"">Twitter for iPhone</a>","The duopoly thinks its invincible &amp; THAT is it‚Äôs biggest weakness!

@RickyForSenate give ‚Äòem hell these last few days brother!

@ToddHagopian keep after them!

@ShaneTHazel don‚Äôt let them rest!

@Jorgensen4POTUS &amp; @RealSpikeCohen you led the charge!

&amp; to the rest Godspeed!",https://twitter.com/rufo4congress/status/1322576082038591488,Sun Jan 28 00:41:42 +0000 2018,rufo4congress,false,"Father, Husband, Liberty Lovin‚Äô minarchist, active NJLP member and 2018 and current 2020 LP Candidate - US House of Representatives - NJ District 4",12187,1901,1223,10,"Jackson, NJ",Michael Rufo,rufo4congress,4403,,http://www.runrufo2020.com,true
,Thu Jul 09 00:05:26 +0000 2020,,,,15,1281016576578326530,TreyMosh,1281008719455608800,1280993279991926800,en,,,4,,,"<a href=""https://mobile.twitter.com"" rel=""nofollow"">Twitter Web App</a>","@MoshTrey Trump paid for a full page ad in the NYT to demand the execution of the ""Central Park 5"" who were a group of teenagers accused of committing rape in 1989, all received long prison sentences but were released years later after DNA evidence proved they had nothing to do with it.",https://twitter.com/Jorgensen4POTUS/status/1281016576578326530,Tue Sep 24 05:28:28 +0000 2019,Jorgensen4POTUS,false,"#Libertarian candidate for #President of the United States.  Psychologist, Senior lecturer at Clemson University, proud mother and grandmother, hockey player.",16605,184054,227,443,,Jo Jorgensen,Jorgensen4POTUS,3822,,https://jo20.com/,true
,Thu Sep 17 13:39:38 +0000 2020,,,http://jo20.com https://www.youtube.com/c/LiterallySpikeCohen/videos,73,1306588626709614592,That_girl_me,1306562189252341800,299097727,en,,false,27,,,"<a href=""https://mobile.twitter.com"" rel=""nofollow"">Twitter Web App</a>","@That_girl_me @dweezelbub @poppysgirl12 @consubermensch1 @TRoman5486 @ABC @GStephanopoulos Good morning, I'm Dr. Jo Jorgensen. You can find out about me at https://t.co/gjgbAFGB7k or for quick policy questions and answers, my running mate, @RealSpikeCohen, has some great videos. https://t.co/j0T9KCXNx5
The media has blacked us out. Literally.",https://twitter.com/Jorgensen4POTUS/status/1306588626709614592,Tue Sep 24 05:28:28 +0000 2019,Jorgensen4POTUS,false,"#Libertarian candidate for #President of the United States.  Psychologist, Senior lecturer at Clemson University, proud mother and grandmother, hockey player.",16605,184054,227,443,,Jo Jorgensen,Jorgensen4POTUS,3822,,https://jo20.com/,true
,Mon Oct 26 12:44:57 +0000 2020,,,,199,1320707993063854081,JulienMcBain,1320700360667897900,278534268,en,,,8,,,"<a href=""http://twitter.com/download/android"" rel=""nofollow"">Twitter for Android</a>","@JulienMcBain I wasn't referencing the pandemic, which is the fault of the FDA and CDC. Trump shares that blame with the rest of the Republicrats. I was referencing:

- $7T debt increase
- Massive spending increases
- 2A restrictions
- Vetoing attempts to curb executive war powers",https://twitter.com/RealSpikeCohen/status/1320707993063854081,Mon Dec 09 17:48:52 +0000 2019,RealSpikeCohen,false,Retired Libertarian Party Candidate for Vice President.,4965,49895,96,161,"Myrtle Beach, SC",Spike Cohen,RealSpikeCohen,2900,,http://linktr.ee/spikecohen,true
,Mon Oct 26 22:49:55 +0000 2020,MerrickGarland,,,21,1320860237595844611,ajc,1320859331512930300,4170491,en,,,0,,,"<a href=""http://twitter.com/download/android"" rel=""nofollow"">Twitter for Android</a>","@ajc While the Senate had the right to confirm her, the same Senate did not afford that same courtesy to @BarackObama and #MerrickGarland 
It shows that the @GOP no longer care about principles or precedent, but only power
May they be like the Whigs and fall to the dustbin of history",https://twitter.com/ChaseForLiberty/status/1320860237595844611,Fri Jul 31 18:13:16 +0000 2020,ChaseForLiberty,false,"Hello, my name is Chase Oliver, chair of the Libertarian Party of Atlanta and former candidate for Congress
Let's work towards a world set free in our lifetime",804,394,62,5,"Atlanta, GA",ChaseForLiberty,ChaseForLiberty,591,,,false
,Sun Oct 11 21:56:49 +0000 2020,,,,9,1315411054197977088,_mattdogg_,1315401472394182700,4675829359,en,,,2,,,"<a href=""https://mobile.twitter.com"" rel=""nofollow"">Twitter Web App</a>","@_mattdogg_ @LPNational Hey, I'm *almost* as tall as the other Dr. J! üòÇ",https://twitter.com/Jorgensen4POTUS/status/1315411054197977088,Tue Sep 24 05:28:28 +0000 2019,Jorgensen4POTUS,false,"#Libertarian candidate for #President of the United States.  Psychologist, Senior lecturer at Clemson University, proud mother and grandmother, hockey player.",16605,184054,227,443,,Jo Jorgensen,Jorgensen4POTUS,3822,,https://jo20.com/,true
,Fri Aug 14 19:22:53 +0000 2020,Election2020,https://twitter.com/Jorgensen4POTUS/status/1294353821565620230/photo/1,,1318,1294353821565620230,,,,en,,false,546,,,"<a href=""https://mobile.twitter.com"" rel=""nofollow"">Twitter Web App</a>","Most of us have seen this graphic put out by the @washingtonpost but if you haven't, or need an argument why your Libertarian vote is not ""wasted"" or didn't cause Clinton/Bush/Obama/Trump to win, answer with this: 

#Election2020 https://t.co/xtu0xk1YzU",https://twitter.com/Jorgensen4POTUS/status/1294353821565620230,Tue Sep 24 05:28:28 +0000 2019,Jorgensen4POTUS,false,"#Libertarian candidate for #President of the United States.  Psychologist, Senior lecturer at Clemson University, proud mother and grandmother, hockey player.",16605,184054,227,443,,Jo Jorgensen,Jorgensen4POTUS,3822,,https://jo20.com/,true
,Fri Oct 09 22:22:00 +0000 2020,Vote,,https://bit.ly/3dnm96V,774,1314692619352657922,,,,en,,false,193,,,"<a href=""https://sproutsocial.com"" rel=""nofollow"">Sprout Social</a>","""Libertarian presidential nominee Jo Jorgensen was out racking up the miles, with stops from Alabama to Alaska, while Dem candidate @JoeBiden spent much of the summer bunkered in his basement to avoid the coronavirus.""
We don't hide from freedom. #Vote
https://t.co/OaDXBBToUd",https://twitter.com/Jorgensen4POTUS/status/1314692619352657922,Tue Sep 24 05:28:28 +0000 2019,Jorgensen4POTUS,false,"#Libertarian candidate for #President of the United States.  Psychologist, Senior lecturer at Clemson University, proud mother and grandmother, hockey player.",16605,184054,227,443,,Jo Jorgensen,Jorgensen4POTUS,3822,,https://jo20.com/,true
,Mon Nov 09 04:59:08 +0000 2020,,,,17,1325664197418627073,beccaleeeeeee,1325627839866167300,1288109617256439800,en,,,4,,,"<a href=""http://twitter.com/download/iphone"" rel=""nofollow"">Twitter for iPhone</a>","@beccaleeeeeee @JAGuillaume @Ace_Archist In the last year of Obama/Biden, they  dropped over 25,000 bombs and conducted special ops missions in 138 countries.

He is a murderer.  No doubt.",https://twitter.com/ToddHagopian/status/1325664197418627073,Fri Jul 24 03:13:04 +0000 2009,ToddHagopian,false,"Just another Liberty Podcaster (@chatschief), got 345,000 people to vote Libertarian one time, NE OK LP Chair, Business Owner, Husband, Father of 4 amazing boys",56516,42872,14551,472,"Bixby, OK",Libertarian-In-Chief,ToddHagopian,58128,,https://anchor.fm/chief-chats/episodes/Election-EveIs-this-thing-on-elugg0,true
,Fri Oct 09 14:40:31 +0000 2020,debatemayhem Debate2020,,,1284,1314576482967093248,,,,en,,,306,,,"<a href=""https://mobile.twitter.com"" rel=""nofollow"">Twitter Web App</a>","Do you want to show some consistency for a change, @realdonaldtrump? Tell the @debates to set rules that accommodate all viable candidates for president.
Your hypocritical criticism of your own co-conspirators is hilarious.
#debatemayhem #Debate2020",https://twitter.com/Jorgensen4POTUS/status/1314576482967093248,Tue Sep 24 05:28:28 +0000 2019,Jorgensen4POTUS,false,"#Libertarian candidate for #President of the United States.  Psychologist, Senior lecturer at Clemson University, proud mother and grandmother, hockey player.",16605,184054,227,443,,Jo Jorgensen,Jorgensen4POTUS,3822,,https://jo20.com/,true
,Thu Oct 15 11:26:04 +0000 2020,,https://twitter.com/RealSpikeCohen/status/1316699269412290560/photo/1,,0,1316701875354435584,,,,en,,false,907,1316699269412290560,RealSpikeCohen,"<a href=""http://twitter.com/download/android"" rel=""nofollow"">Twitter for Android</a>","RT @RealSpikeCohen: Government: but without us, who would feed the poor?

Also government: https://t.co/L0CZb2UNt1",https://twitter.com/ChaseForLiberty/status/1316701875354435584,Fri Jul 31 18:13:16 +0000 2020,ChaseForLiberty,false,"Hello, my name is Chase Oliver, chair of the Libertarian Party of Atlanta and former candidate for Congress
Let's work towards a world set free in our lifetime",804,394,62,5,"Atlanta, GA",ChaseForLiberty,ChaseForLiberty,591,,,false
,Fri Oct 23 21:26:13 +0000 2020,IVoted4Jorgensen,,,4,1319752010116247552,mgcroteau,1319751530212434000,25485527,en,,,0,,,"<a href=""https://mobile.twitter.com"" rel=""nofollow"">Twitter Web App</a>","@mgcroteau @RealSpikeCohen @LPNational Thank you, Michael! I appreciate it.
#IVoted4Jorgensen",https://twitter.com/Jorgensen4POTUS/status/1319752010116247552,Tue Sep 24 05:28:28 +0000 2019,Jorgensen4POTUS,false,"#Libertarian candidate for #President of the United States.  Psychologist, Senior lecturer at Clemson University, proud mother and grandmother, hockey player.",16605,184054,227,443,,Jo Jorgensen,Jorgensen4POTUS,3822,,https://jo20.com/,true
,Sat Aug 29 13:32:29 +0000 2020,,,,34,1299701455830609922,,,,en,,,8,,,"<a href=""http://twitter.com/download/iphone"" rel=""nofollow"">Twitter for iPhone</a>","The fact that the @TheDemocrats and @GOP are more worried about wins for their parties than they are about passing any of the multiple CJR bill in Congress is proof positive the need for @LPNational. 

But please let‚Äôs have heated debate in Congress about the Post Office.",https://twitter.com/rufo4congress/status/1299701455830609922,Sun Jan 28 00:41:42 +0000 2018,rufo4congress,false,"Father, Husband, Liberty Lovin‚Äô minarchist, active NJLP member and 2018 and current 2020 LP Candidate - US House of Representatives - NJ District 4",12187,1901,1223,10,"Jackson, NJ",Michael Rufo,rufo4congress,4403,,http://www.runrufo2020.com,true
,Thu Oct 08 01:12:58 +0000 2020,,,https://twitter.com/Muddied_Waters/status/1314003970260561921?s=20,8,1314010868322111488,,,,en,,false,3,,,"<a href=""https://mobile.twitter.com"" rel=""nofollow"">Twitter Web App</a>","@Liberty_Kryssi @RealSpikeCohen Here, too. https://t.co/aazAjFRwtB",https://twitter.com/Jorgensen4POTUS/status/1314010868322111488,Tue Sep 24 05:28:28 +0000 2019,Jorgensen4POTUS,false,"#Libertarian candidate for #President of the United States.  Psychologist, Senior lecturer at Clemson University, proud mother and grandmother, hockey player.",16605,184054,227,443,,Jo Jorgensen,Jorgensen4POTUS,3822,,https://jo20.com/,true
,Tue Nov 03 05:09:23 +0000 2020,DixvilleNotch Election2020,,,16,1323492446131675137,,,,en,,,0,,,"<a href=""https://mobile.twitter.com"" rel=""nofollow"">Twitter Web App</a>","Oomph

Biden wins #DixvilleNotch 5-0

#Election2020",https://twitter.com/ToddHagopian/status/1323492446131675137,Fri Jul 24 03:13:04 +0000 2009,ToddHagopian,false,"Just another Liberty Podcaster (@chatschief), got 345,000 people to vote Libertarian one time, NE OK LP Chair, Business Owner, Husband, Father of 4 amazing boys",56516,42872,14551,472,"Bixby, OK",Libertarian-In-Chief,ToddHagopian,58128,,https://anchor.fm/chief-chats/episodes/Election-EveIs-this-thing-on-elugg0,true
,Sun Oct 11 16:10:40 +0000 2020,,,,3,1315323943780315137,rethesun,1315033092143292400,1270931399587987500,en,,,1,,,"<a href=""https://mobile.twitter.com"" rel=""nofollow"">Twitter Web App</a>",@rethesun @LPNational @RealSpikeCohen Sounds spot on.,https://twitter.com/Jorgensen4POTUS/status/1315323943780315137,Tue Sep 24 05:28:28 +0000 2019,Jorgensen4POTUS,false,"#Libertarian candidate for #President of the United States.  Psychologist, Senior lecturer at Clemson University, proud mother and grandmother, hockey player.",16605,184054,227,443,,Jo Jorgensen,Jorgensen4POTUS,3822,,https://jo20.com/,true
,Thu Oct 22 13:25:20 +0000 2020,,,https://twitter.com/ToddHagopian/status/1319266455003844609,12,1319268602802020353,,,,en,,false,2,,,"<a href=""https://mobile.twitter.com"" rel=""nofollow"">Twitter Web App</a>","89% of the GOP supports President Trump
85% of the GOP supports Sen. Inhofe
Only 80% of the GOP supports Todd Hiett

We are taking votes away from him! https://t.co/WQK4jpXmB6",https://twitter.com/ToddHagopian/status/1319268602802020353,Fri Jul 24 03:13:04 +0000 2009,ToddHagopian,false,"Just another Liberty Podcaster (@chatschief), got 345,000 people to vote Libertarian one time, NE OK LP Chair, Business Owner, Husband, Father of 4 amazing boys",56516,42872,14551,472,"Bixby, OK",Libertarian-In-Chief,ToddHagopian,58128,,https://anchor.fm/chief-chats/episodes/Election-EveIs-this-thing-on-elugg0,true
,Wed Oct 21 16:23:56 +0000 2020,vote VoteGold,,,0,1318951162519998471,,,,en,,,3,1318951052285157377,DaveLibertarian,"<a href=""https://mobile.twitter.com"" rel=""nofollow"">Twitter Web App</a>","RT @DaveLibertarian: The is what 1 Libertarian can do in congress, imagine what 2 or 3 or.... Could do. #vote real change #VoteGold down th‚Ä¶",https://twitter.com/VoteScheirman/status/1318951162519998471,Thu Jan 02 23:10:24 +0000 2020,VoteScheirman,false,"Elliott Scheirman for Congress in TX's 2nd District.
Giving a voice to those who want to live their lives free from government control.  Retire the duopoly!",5246,1687,1152,19,"Houston, TX",Scheirman for Congress,VoteScheirman,4600,,http://ScheirmanForCongress.com,true
,Sat Aug 08 13:01:28 +0000 2020,2020yearoftheBat Libertarian,,,0,1292083507741822976,,,,en,,,45,1292079756096282626,Sugartamer,"<a href=""http://twitter.com/download/android"" rel=""nofollow"">Twitter for Android</a>","RT @Sugartamer: @Jorgensen4POTUS @RealSpikeCohen @LPNational #2020yearoftheBat , and the bat has chosen #Libertarian nominee by its bite, t‚Ä¶",https://twitter.com/Jorgensen4POTUS/status/1292083507741822976,Tue Sep 24 05:28:28 +0000 2019,Jorgensen4POTUS,false,"#Libertarian candidate for #President of the United States.  Psychologist, Senior lecturer at Clemson University, proud mother and grandmother, hockey player.",16605,184054,227,443,,Jo Jorgensen,Jorgensen4POTUS,3822,,https://jo20.com/,true
,Wed Sep 30 21:42:19 +0000 2020,,https://twitter.com/ToddHagopian/status/1311421140900950017/photo/1,,380,1311421140900950017,,,,en,,false,76,,,"<a href=""http://twitter.com/download/iphone"" rel=""nofollow"">Twitter for iPhone</a>","It appears that @Jorgensen4POTUS was the biggest recipient of the third party google traffic surge, in the past 24 hours, after the horrendous debate last night https://t.co/UtXAxhtNkT",https://twitter.com/ToddHagopian/status/1311421140900950017,Fri Jul 24 03:13:04 +0000 2009,ToddHagopian,false,"Just another Liberty Podcaster (@chatschief), got 345,000 people to vote Libertarian one time, NE OK LP Chair, Business Owner, Husband, Father of 4 amazing boys",56516,42872,14551,472,"Bixby, OK",Libertarian-In-Chief,ToddHagopian,58128,,https://anchor.fm/chief-chats/episodes/Election-EveIs-this-thing-on-elugg0,true
,Sat Aug 08 21:05:46 +0000 2020,LetHerSpeak,,,0,1292205386360066049,,,,en,,,762,1292199079208943619,Jorgensen4POTUS,"<a href=""http://twitter.com/download/iphone"" rel=""nofollow"">Twitter for iPhone</a>","RT @Jorgensen4POTUS: #LetHerSpeak and then we can debate why President Trump and Joe Biden won't end qualified immunity...but I will. 
#Ele‚Ä¶",https://twitter.com/ToddHagopian/status/1292205386360066049,Fri Jul 24 03:13:04 +0000 2009,ToddHagopian,false,"Just another Liberty Podcaster (@chatschief), got 345,000 people to vote Libertarian one time, NE OK LP Chair, Business Owner, Husband, Father of 4 amazing boys",56516,42872,14551,472,"Bixby, OK",Libertarian-In-Chief,ToddHagopian,58128,,https://anchor.fm/chief-chats/episodes/Election-EveIs-this-thing-on-elugg0,true
,Fri Oct 16 19:43:48 +0000 2020,USAFacts,https://twitter.com/RealSpikeCohen/status/1317163625300267008/photo/1,,0,1317189519817494529,,,,en,,false,287,1317163625300267008,RealSpikeCohen,"<a href=""http://twitter.com/download/iphone"" rel=""nofollow"">Twitter for iPhone</a>",RT @RealSpikeCohen: #USAFacts End the Drug War https://t.co/HQv8t4Quzd,https://twitter.com/rufo4congress/status/1317189519817494529,Sun Jan 28 00:41:42 +0000 2018,rufo4congress,false,"Father, Husband, Liberty Lovin‚Äô minarchist, active NJLP member and 2018 and current 2020 LP Candidate - US House of Representatives - NJ District 4",12187,1901,1223,10,"Jackson, NJ",Michael Rufo,rufo4congress,4403,,http://www.runrufo2020.com,true
,Mon Oct 12 06:28:25 +0000 2020,VoteGold Jorgensen2020 FreeMarket,,,0,1315539804566761476,thehill,1315498677759246300,1917731,en,,,0,,,"<a href=""http://twitter.com/download/iphone"" rel=""nofollow"">Twitter for iPhone</a>","@thehill The solution to climate change is the free market, not more regulations. @Jorgensen4POTUS is the only candidate who will work to remove government barriers to replacing coal/oil burning powerplants, allow the use of nuclear energy, and more. #VoteGold #Jorgensen2020 #FreeMarket",https://twitter.com/StudentsforJo/status/1315539804566761476,Mon Jun 22 03:31:46 +0000 2020,StudentsforJo,false,This is an unofficial account of student supporters of Jo Jorgensen (@Jorgensen4POTUS & @realSpikeCohen). Interested in contributing? DM us!,583,618,260,0,The White House,Students for Jo Jorgensen,StudentsforJo,342,,http://studentsforjo.com,false
,Fri Aug 21 10:33:13 +0000 2020,,,,0,1296757240670629889,,,,en,,,853,1296205399637528576,Jorgensen4POTUS,"<a href=""http://twitter.com/download/iphone"" rel=""nofollow"">Twitter for iPhone</a>","RT @Jorgensen4POTUS: When the former First Lady said, ""He has had more than enough time to prove that he can do the job,"" I at first though‚Ä¶",https://twitter.com/rufo4congress/status/1296757240670629889,Sun Jan 28 00:41:42 +0000 2018,rufo4congress,false,"Father, Husband, Liberty Lovin‚Äô minarchist, active NJLP member and 2018 and current 2020 LP Candidate - US House of Representatives - NJ District 4",12187,1901,1223,10,"Jackson, NJ",Michael Rufo,rufo4congress,4403,,http://www.runrufo2020.com,true
,Sat Oct 17 21:07:59 +0000 2020,,,,5,1317573094861656064,theshaofthirst,1317572262376181800,1113269976046166000,en,,,1,,,"<a href=""https://mobile.twitter.com"" rel=""nofollow"">Twitter Web App</a>","@theshaofthirst @EauxSnap @RJMetzger1 @JoeMumIsJoeMama @BrianFinance @JoeBiden @realDonaldTrump It was great to meet you, too!",https://twitter.com/Jorgensen4POTUS/status/1317573094861656064,Tue Sep 24 05:28:28 +0000 2019,Jorgensen4POTUS,false,"#Libertarian candidate for #President of the United States.  Psychologist, Senior lecturer at Clemson University, proud mother and grandmother, hockey player.",16605,184054,227,443,,Jo Jorgensen,Jorgensen4POTUS,3822,,https://jo20.com/,true
,Sat Aug 15 16:35:20 +0000 2020,,,,0,1294674042159607809,,,,en,,,30,1294668501760630787,LibertyCliff,"<a href=""http://twitter.com/download/iphone"" rel=""nofollow"">Twitter for iPhone</a>","RT @LibertyCliff: Edward @Snowden destroyed his life to show the American people that our very own government was SPYING ON US

If given th‚Ä¶",https://twitter.com/rufo4congress/status/1294674042159607809,Sun Jan 28 00:41:42 +0000 2018,rufo4congress,false,"Father, Husband, Liberty Lovin‚Äô minarchist, active NJLP member and 2018 and current 2020 LP Candidate - US House of Representatives - NJ District 4",12187,1901,1223,10,"Jackson, NJ",Michael Rufo,rufo4congress,4403,,http://www.runrufo2020.com,true
,Wed Oct 28 01:01:22 +0000 2020,GunControl,https://twitter.com/RealSpikeCohen/status/1321237917688365059/photo/1,,0,1321255706343985152,,,,en,,false,517,1321237917688365059,RealSpikeCohen,"<a href=""http://twitter.com/download/android"" rel=""nofollow"">Twitter for Android</a>",RT @RealSpikeCohen: The ATF just made the biggest #GunControl regulation in decades. https://t.co/y6lyXs5CUD,https://twitter.com/ChaseForLiberty/status/1321255706343985152,Fri Jul 31 18:13:16 +0000 2020,ChaseForLiberty,false,"Hello, my name is Chase Oliver, chair of the Libertarian Party of Atlanta and former candidate for Congress
Let's work towards a world set free in our lifetime",804,394,62,5,"Atlanta, GA",ChaseForLiberty,ChaseForLiberty,591,,,false
,Fri Oct 09 17:10:41 +0000 2020,,,,0,1314614271528050688,KomradeLapis,1314613375171735600,1268371062674374700,en,,,0,,,"<a href=""https://mobile.twitter.com"" rel=""nofollow"">Twitter Web App</a>",@KomradeKatz @JordanDsGaming @USPoliticsPoll @Jorgensen4POTUS @HowieHawkins What part of holding corps accountable do you not understand?  Or are you just trying to paint her negatively thinking it will help your candidate?,https://twitter.com/VoteScheirman/status/1314614271528050688,Thu Jan 02 23:10:24 +0000 2020,VoteScheirman,false,"Elliott Scheirman for Congress in TX's 2nd District.
Giving a voice to those who want to live their lives free from government control.  Retire the duopoly!",5246,1687,1152,19,"Houston, TX",Scheirman for Congress,VoteScheirman,4600,,http://ScheirmanForCongress.com,true
,Wed Nov 04 20:30:57 +0000 2020,,,,2,1324086755579076608,,,,en,,,0,,,"<a href=""http://twitter.com/download/iphone"" rel=""nofollow"">Twitter for iPhone</a>","What a time to be alive!

See Californians. You didn‚Äôt need more electoral votes or to abolish the electoral college, you just had to escape Commiefornia yet unironically vote the same way in your new state. ü§∑üèª‚Äç‚ôÇÔ∏èü§∑üèª‚Äç‚ôÇÔ∏è

That AZ flip is THE play... 

Trump needs PA &amp; a Nevada Miracle...",https://twitter.com/rufo4congress/status/1324086755579076608,Sun Jan 28 00:41:42 +0000 2018,rufo4congress,false,"Father, Husband, Liberty Lovin‚Äô minarchist, active NJLP member and 2018 and current 2020 LP Candidate - US House of Representatives - NJ District 4",12187,1901,1223,10,"Jackson, NJ",Michael Rufo,rufo4congress,4403,,http://www.runrufo2020.com,true
,Fri Jul 24 16:35:52 +0000 2020,IfMomsRan2020 VoteGold,,,0,1286701645657772033,,,,en,,,14,1286689884892274688,BCREIGNS,"<a href=""https://mobile.twitter.com"" rel=""nofollow"">Twitter Web App</a>",RT @BCREIGNS: If #IfMomsRan2020 they'd be saying #VoteGold @Jorgensen4POTUS,https://twitter.com/RealSpikeCohen/status/1286701645657772033,Mon Dec 09 17:48:52 +0000 2019,RealSpikeCohen,false,Retired Libertarian Party Candidate for Vice President.,4965,49895,96,161,"Myrtle Beach, SC",Spike Cohen,RealSpikeCohen,2900,,http://linktr.ee/spikecohen,true
,Thu Oct 08 01:24:03 +0000 2020,WhereIsSpike VPDebate,,,682,1314013654732492801,,,,en,,,244,,,"<a href=""https://mobile.twitter.com"" rel=""nofollow"">Twitter Web App</a>",".@SusanPage referred to the ""non-partisan commission on presidential debate."" Correction. @debates is a bi-partisan organization, and they protect Republicans and Democrats from other voices and any competition on the debate stage. 

#WhereIsSpike #VPDebate @RealSpikeCohen",https://twitter.com/LPNational/status/1314013654732492801,Wed Apr 15 17:40:46 +0000 2009,LPNational,false,"The official Twitter of the Libertarian Party, America's third largest political party. We promote free markets, civil liberties, and peace.
Become a member!",4142,210700,748,2082,USA,Libertarian Party,LPNational,13573,,http://www.lp.org,true
,Fri Aug 14 16:20:46 +0000 2020,,,https://thelibertarianrepublic.com/vp-candidate-spike-cohen-on-presidential-qualifications-and-kamala-harris/,222,1294307990103904257,,,,en,,false,68,,,"<a href=""http://twitter.com/download/iphone"" rel=""nofollow"">Twitter for iPhone</a>","‚ÄúNo person can claim to have the kind of qualifications necessary to rule over people in such a manner, which is why we as libertarians believe in greatly reducing those powers at the very least.‚Äù

https://t.co/W4dyqvKDOb",https://twitter.com/RealSpikeCohen/status/1294307990103904257,Mon Dec 09 17:48:52 +0000 2019,RealSpikeCohen,false,Retired Libertarian Party Candidate for Vice President.,4965,49895,96,161,"Myrtle Beach, SC",Spike Cohen,RealSpikeCohen,2900,,http://linktr.ee/spikecohen,true
,Mon Oct 12 17:43:18 +0000 2020,,,,2,1315709642572550144,jameswells51,1315709423910826000,2172511038,en,,,0,,,"<a href=""https://mobile.twitter.com"" rel=""nofollow"">Twitter Web App</a>","@jameswells51 @RealSpikeCohen Thank you, James!",https://twitter.com/Jorgensen4POTUS/status/1315709642572550144,Tue Sep 24 05:28:28 +0000 2019,Jorgensen4POTUS,false,"#Libertarian candidate for #President of the United States.  Psychologist, Senior lecturer at Clemson University, proud mother and grandmother, hockey player.",16605,184054,227,443,,Jo Jorgensen,Jorgensen4POTUS,3822,,https://jo20.com/,true
